{"cameraMode":{"drawMode":0,"name":"Shaded","section":"Shading Mode"},"sceneLighting":false,"audioPlay":false,"sceneViewState":{"m_AlwaysRefresh":false,"showFog":true,"showSkybox":false,"showFlares":true,"showImageEffects":true,"showParticleSystems":true,"showVisualEffectGraphs":true,"m_FxEnabled":true},"in2DMode":false,"pivot":{"x":3.010000228881836,"y":1.940000057220459,"z":3.4000000953674318},"rotation":{"x":0.5773937702178955,"y":-0.015304495580494404,"z":0.01083039678633213,"w":0.8162668943405151},"size":7.917205333709717,"orthographic":true}